Instance,Seed,OBD,OBD_T
p1.2.r,8634452,270.0,0.0
p1.2.h,8634452,90.0,0.0
p1.2.p,8634452,240.0,0.0009887218475341797
p1.4.k,8634452,95.0,0.0
p2.3.h,8634452,165.0,0.0
p2.3.e,8634452,120.0,0.0
p2.3.f,8634452,120.0,0.0
p2.2.i,8634452,230.0,0.0
p2.4.j,8634452,120.0,0.0
p3.3.j,8634452,380.0,0.0010058879852294922
p3.3.o,8634452,580.0,0.0
p3.2.a,8634452,90.0,0.0
p3.2.d,8634452,190.0,0.0010006427764892578
p3.4.j,8634452,290.0,0.0
p3.4.k,8634452,350.0,0.0
p3.4.i,8634452,260.0,0.0009970664978027344
p5.3.z,8634452,1410.0,0.01399683952331543
p5.3.o,8634452,845.0,0.014081001281738281
p5.2.i,8634452,380.0,0.014965534210205078
p6.2.g,8634452,654.0,0.013010978698730469
p6.3.g,8634452,252.0,0.011997222900390625
p6.4.m,8634452,876.0,0.01381540298461914
p6.2.f,8634452,588.0,0.013370990753173828
p7.2.c,8634452,101.0,0.09133386611938477
p7.4.e,8634452,123.0,0.09134411811828613
